{"file:///d%3A/agiaann/flutter-clean-architecture-instagram-1/pubspec.yaml":{"language":"YAML","code":71,"comment":64,"blank":17},"file:///d%3A/agiaann/flutter-clean-architecture-instagram-1/macos/Runner/AppDelegate.swift":{"language":"Swift","code":8,"comment":0,"blank":2},"file:///d%3A/agiaann/flutter-clean-architecture-instagram-1/.github/workflows/firebase-hosting-pull-request.yml":{"language":"YAML","code":21,"comment":2,"blank":1},"file:///d%3A/agiaann/flutter-clean-architecture-instagram-1/linux/my_application.h":{"language":"C++","code":7,"comment":7,"blank":5},"file:///d%3A/agiaann/flutter-clean-architecture-instagram-1/linux/my_application.cc":{"language":"C++","code":74,"comment":11,"blank":20},"file:///d%3A/agiaann/flutter-clean-architecture-instagram-1/README.md":{"language":"Markdown","code":158,"comment":0,"blank":57},"file:///d%3A/agiaann/flutter-clean-architecture-instagram-1/assets/icons/add-2.svg":{"language":"XML","code":1,"comment":0,"blank":0},"file:///d%3A/agiaann/flutter-clean-architecture-instagram-1/linux/main.cc":{"language":"C++","code":5,"comment":0,"blank":2},"file:///d%3A/agiaann/flutter-clean-architecture-instagram-1/assets/icons/add-instagram-story.svg":{"language":"XML","code":1,"comment":0,"blank":0},"file:///d%3A/agiaann/flutter-clean-architecture-instagram-1/assets/icons/activity.svg":{"language":"XML","code":1,"comment":0,"blank":0},"file:///d%3A/agiaann/flutter-clean-architecture-instagram-1/assets/icons/archive.svg":{"language":"XML","code":1,"comment":0,"blank":0},"file:///d%3A/agiaann/flutter-clean-architecture-instagram-1/.github/workflows/releases.yml":{"language":"YAML","code":28,"comment":6,"blank":2},"file:///d%3A/agiaann/flutter-clean-architecture-instagram-1/assets/icons/add.svg":{"language":"XML","code":1,"comment":0,"blank":0},"file:///d%3A/agiaann/flutter-clean-architecture-instagram-1/assets/icons/circle.svg":{"language":"XML","code":1,"comment":0,"blank":0},"file:///d%3A/agiaann/flutter-clean-architecture-instagram-1/assets/icons/check-circle.svg":{"language":"XML","code":1,"comment":0,"blank":0},"file:///d%3A/agiaann/flutter-clean-architecture-instagram-1/assets/icons/compass.svg":{"language":"XML","code":1,"comment":0,"blank":0},"file:///d%3A/agiaann/flutter-clean-architecture-instagram-1/assets/icons/close_friends.svg":{"language":"XML","code":1,"comment":0,"blank":0},"file:///d%3A/agiaann/flutter-clean-architecture-instagram-1/assets/icons/comment.svg":{"language":"XML","code":1,"comment":0,"blank":0},"file:///d%3A/agiaann/flutter-clean-architecture-instagram-1/assets/icons/cancel_blod.svg":{"language":"XML","code":1,"comment":0,"blank":0},"file:///d%3A/agiaann/flutter-clean-architecture-instagram-1/windows/runner/resource.h":{"language":"C++","code":9,"comment":6,"blank":2},"file:///d%3A/agiaann/flutter-clean-architecture-instagram-1/assets/icons/favorite.svg":{"language":"XML","code":1,"comment":0,"blank":0},"file:///d%3A/agiaann/flutter-clean-architecture-instagram-1/windows/flutter/generated_plugin_registrant.h":{"language":"C++","code":5,"comment":5,"blank":6},"file:///d%3A/agiaann/flutter-clean-architecture-instagram-1/assets/icons/cancel.svg":{"language":"XML","code":1,"comment":0,"blank":0},"file:///d%3A/agiaann/flutter-clean-architecture-instagram-1/assets/icons/grid.svg":{"language":"XML","code":5,"comment":0,"blank":0},"file:///d%3A/agiaann/flutter-clean-architecture-instagram-1/windows/flutter/generated_plugin_registrant.cc":{"language":"C++","code":12,"comment":4,"blank":5},"file:///d%3A/agiaann/flutter-clean-architecture-instagram-1/assets/icons/gallery_blod.svg":{"language":"XML","code":1,"comment":0,"blank":0},"file:///d%3A/agiaann/flutter-clean-architecture-instagram-1/windows/runner/flutter_window.h":{"language":"C++","code":20,"comment":5,"blank":9},"file:///d%3A/agiaann/flutter-clean-architecture-instagram-1/windows/runner/main.cpp":{"language":"C++","code":30,"comment":4,"blank":10},"file:///d%3A/agiaann/flutter-clean-architecture-instagram-1/assets/icons/gallery.svg":{"language":"XML","code":1,"comment":0,"blank":0},"file:///d%3A/agiaann/flutter-clean-architecture-instagram-1/assets/icons/heart.svg":{"language":"XML","code":1,"comment":0,"blank":0},"file:///d%3A/agiaann/flutter-clean-architecture-instagram-1/windows/runner/flutter_window.cpp":{"language":"C++","code":45,"comment":4,"blank":13},"file:///d%3A/agiaann/flutter-clean-architecture-instagram-1/macos/Runner/Base.lproj/MainMenu.xib":{"language":"XML","code":343,"comment":0,"blank":1},"file:///d%3A/agiaann/flutter-clean-architecture-instagram-1/assets/icons/flip.svg":{"language":"XML","code":1,"comment":0,"blank":0},"file:///d%3A/agiaann/flutter-clean-architecture-instagram-1/assets/icons/calendar.svg":{"language":"XML","code":1,"comment":0,"blank":0},"file:///d%3A/agiaann/flutter-clean-architecture-instagram-1/macos/Runner/MainFlutterWindow.swift":{"language":"Swift","code":12,"comment":0,"blank":4},"file:///d%3A/agiaann/flutter-clean-architecture-instagram-1/assets/icons/house_white.svg":{"language":"XML","code":1,"comment":0,"blank":0},"file:///d%3A/agiaann/flutter-clean-architecture-instagram-1/assets/icons/birthday-cake.svg":{"language":"XML","code":1,"comment":0,"blank":0},"file:///d%3A/agiaann/flutter-clean-architecture-instagram-1/windows/runner/utils.h":{"language":"C++","code":8,"comment":6,"blank":6},"file:///d%3A/agiaann/flutter-clean-architecture-instagram-1/assets/icons/house_black.svg":{"language":"XML","code":1,"comment":0,"blank":0},"file:///d%3A/agiaann/flutter-clean-architecture-instagram-1/.github/workflows/pull-request-ci.yml":{"language":"YAML","code":17,"comment":0,"blank":0},"file:///d%3A/agiaann/flutter-clean-architecture-instagram-1/windows/runner/utils.cpp":{"language":"C++","code":53,"comment":2,"blank":10},"file:///d%3A/agiaann/flutter-clean-architecture-instagram-1/assets/icons/instagram-highlight-story.svg":{"language":"XML","code":1,"comment":0,"blank":0},"file:///d%3A/agiaann/flutter-clean-architecture-instagram-1/windows/runner/win32_window.h":{"language":"C++","code":48,"comment":29,"blank":22},"file:///d%3A/agiaann/flutter-clean-architecture-instagram-1/assets/icons/instagram.svg":{"language":"XML","code":1,"comment":0,"blank":0},"file:///d%3A/agiaann/flutter-clean-architecture-instagram-1/assets/icons/link.svg":{"language":"XML","code":1,"comment":0,"blank":0},"file:///d%3A/agiaann/flutter-clean-architecture-instagram-1/assets/icons/live-streaming.svg":{"language":"XML","code":1,"comment":0,"blank":0},"file:///d%3A/agiaann/flutter-clean-architecture-instagram-1/windows/runner/win32_window.cpp":{"language":"C++","code":183,"comment":15,"blank":48},"file:///d%3A/agiaann/flutter-clean-architecture-instagram-1/assets/icons/menu_h.svg":{"language":"XML","code":1,"comment":0,"blank":0},"file:///d%3A/agiaann/flutter-clean-architecture-instagram-1/.github/workflows/firebase-hosting-merge.yml":{"language":"YAML","code":24,"comment":3,"blank":1},"file:///d%3A/agiaann/flutter-clean-architecture-instagram-1/assets/icons/menu.svg":{"language":"XML","code":1,"comment":0,"blank":0},"file:///d%3A/agiaann/flutter-clean-architecture-instagram-1/assets/icons/menu_horizontal.svg":{"language":"XML","code":2,"comment":0,"blank":0},"file:///d%3A/agiaann/flutter-clean-architecture-instagram-1/.github/workflows/ci.yml":{"language":"YAML","code":42,"comment":8,"blank":9},"file:///d%3A/agiaann/flutter-clean-architecture-instagram-1/assets/icons/logo_instagram.svg":{"language":"XML","code":4,"comment":0,"blank":1},"file:///d%3A/agiaann/flutter-clean-architecture-instagram-1/assets/icons/paper_plane_right.svg":{"language":"XML","code":1,"comment":0,"blank":0},"file:///d%3A/agiaann/flutter-clean-architecture-instagram-1/assets/icons/minus.svg":{"language":"XML","code":1,"comment":0,"blank":0},"file:///d%3A/agiaann/flutter-clean-architecture-instagram-1/assets/icons/microphone_black.svg":{"language":"XML","code":1,"comment":0,"blank":0},"file:///d%3A/agiaann/flutter-clean-architecture-instagram-1/linux/flutter/generated_plugin_registrant.h":{"language":"C++","code":5,"comment":5,"blank":6},"file:///d%3A/agiaann/flutter-clean-architecture-instagram-1/assets/icons/microphone.svg":{"language":"XML","code":1,"comment":0,"blank":0},"file:///d%3A/agiaann/flutter-clean-architecture-instagram-1/linux/flutter/generated_plugin_registrant.cc":{"language":"C++","code":7,"comment":4,"blank":5},"file:///d%3A/agiaann/flutter-clean-architecture-instagram-1/assets/icons/paper-plane-right.svg":{"language":"XML","code":1,"comment":0,"blank":0},"file:///d%3A/agiaann/flutter-clean-architecture-instagram-1/assets/icons/paper_plane_right_blod.svg":{"language":"XML","code":1,"comment":0,"blank":0},"file:///d%3A/agiaann/flutter-clean-architecture-instagram-1/assets/splash/instagram-icon-splash.svg":{"language":"XML","code":1,"comment":0,"blank":0},"file:///d%3A/agiaann/flutter-clean-architecture-instagram-1/macos/Runner/Assets.xcassets/AppIcon.appiconset/Contents.json":{"language":"JSON","code":68,"comment":0,"blank":1},"file:///d%3A/agiaann/flutter-clean-architecture-instagram-1/assets/icons/phone.svg":{"language":"XML","code":1,"comment":0,"blank":0},"file:///d%3A/agiaann/flutter-clean-architecture-instagram-1/assets/icons/profile.svg":{"language":"XML","code":1,"comment":0,"blank":0},"file:///d%3A/agiaann/flutter-clean-architecture-instagram-1/assets/icons/qr-code1.svg":{"language":"XML","code":1,"comment":0,"blank":0},"file:///d%3A/agiaann/flutter-clean-architecture-instagram-1/assets/icons/plus.svg":{"language":"XML","code":1,"comment":0,"blank":0},"file:///d%3A/agiaann/flutter-clean-architecture-instagram-1/macos/Flutter/GeneratedPluginRegistrant.swift":{"language":"Swift","code":30,"comment":3,"blank":4},"file:///d%3A/agiaann/flutter-clean-architecture-instagram-1/assets/icons/share-circle.svg":{"language":"XML","code":1,"comment":0,"blank":0},"file:///d%3A/agiaann/flutter-clean-architecture-instagram-1/assets/icons/share.svg":{"language":"XML","code":1,"comment":0,"blank":0},"file:///d%3A/agiaann/flutter-clean-architecture-instagram-1/assets/icons/send.svg":{"language":"XML","code":1,"comment":0,"blank":0},"file:///d%3A/agiaann/flutter-clean-architecture-instagram-1/assets/icons/sticker.svg":{"language":"XML","code":1,"comment":0,"blank":0},"file:///d%3A/agiaann/flutter-clean-architecture-instagram-1/assets/icons/settings.svg":{"language":"XML","code":1,"comment":0,"blank":0},"file:///d%3A/agiaann/flutter-clean-architecture-instagram-1/assets/icons/sticker_black.svg":{"language":"XML","code":1,"comment":0,"blank":0},"file:///d%3A/agiaann/flutter-clean-architecture-instagram-1/assets/icons/shop_white.svg":{"language":"XML","code":1,"comment":0,"blank":0},"file:///d%3A/agiaann/flutter-clean-architecture-instagram-1/assets/icons/sticker_blod.svg":{"language":"XML","code":1,"comment":0,"blank":0},"file:///d%3A/agiaann/flutter-clean-architecture-instagram-1/assets/icons/search.svg":{"language":"XML","code":1,"comment":0,"blank":0},"file:///d%3A/agiaann/flutter-clean-architecture-instagram-1/assets/icons/save.svg":{"language":"XML","code":1,"comment":0,"blank":0},"file:///d%3A/agiaann/flutter-clean-architecture-instagram-1/assets/icons/video.svg":{"language":"XML","code":1,"comment":0,"blank":0},"file:///d%3A/agiaann/flutter-clean-architecture-instagram-1/assets/icons/video_point.svg":{"language":"XML","code":1,"comment":0,"blank":0},"file:///d%3A/agiaann/flutter-clean-architecture-instagram-1/assets/icons/phone_blod.svg":{"language":"XML","code":1,"comment":0,"blank":0},"file:///d%3A/agiaann/flutter-clean-architecture-instagram-1/assets/icons/messenger.svg":{"language":"XML","code":1,"comment":0,"blank":0},"file:///d%3A/agiaann/flutter-clean-architecture-instagram-1/assets/icons/shop_black.svg":{"language":"XML","code":1,"comment":0,"blank":0},"file:///d%3A/agiaann/flutter-clean-architecture-instagram-1/assets/icons/qr-code2.svg":{"language":"XML","code":1,"comment":0,"blank":0},"file:///d%3A/agiaann/flutter-clean-architecture-instagram-1/assets/icons/warning.svg":{"language":"XML","code":1,"comment":0,"blank":0},"file:///d%3A/agiaann/flutter-clean-architecture-instagram-1/test/widget_test.dart":{"language":"Dart","code":0,"comment":30,"blank":1},"file:///d%3A/agiaann/flutter-clean-architecture-instagram-1/analysis_options.yaml":{"language":"YAML","code":3,"comment":23,"blank":4},"file:///d%3A/agiaann/flutter-clean-architecture-instagram-1/android/gradle.properties":{"language":"Properties","code":3,"comment":0,"blank":1},"file:///d%3A/agiaann/flutter-clean-architecture-instagram-1/android/settings.gradle":{"language":"Groovy","code":8,"comment":0,"blank":4},"file:///d%3A/agiaann/flutter-clean-architecture-instagram-1/android/gradle/wrapper/gradle-wrapper.properties":{"language":"Properties","code":5,"comment":0,"blank":1},"file:///d%3A/agiaann/flutter-clean-architecture-instagram-1/web/manifest.json":{"language":"JSON","code":35,"comment":0,"blank":1},"file:///d%3A/agiaann/flutter-clean-architecture-instagram-1/lib/data/repositories_impl/firebase_auth_repository_impl.dart":{"language":"Dart","code":36,"comment":0,"blank":5},"file:///d%3A/agiaann/flutter-clean-architecture-instagram-1/android/build.gradle":{"language":"Groovy","code":29,"comment":0,"blank":6},"file:///d%3A/agiaann/flutter-clean-architecture-instagram-1/lib/data/repositories_impl/firestore_notification.dart":{"language":"Dart","code":33,"comment":0,"blank":4},"file:///d%3A/agiaann/flutter-clean-architecture-instagram-1/lib/data/repositories_impl/firestore_story_repo_impl.dart":{"language":"Dart","code":56,"comment":0,"blank":6},"file:///d%3A/agiaann/flutter-clean-architecture-instagram-1/lib/data/models/parent_classes/post/parent_post.dart":{"language":"Dart","code":21,"comment":0,"blank":3},"file:///d%3A/agiaann/flutter-clean-architecture-instagram-1/ios/Runner/Runner-Bridging-Header.h":{"language":"C++","code":1,"comment":0,"blank":1},"file:///d%3A/agiaann/flutter-clean-architecture-instagram-1/lib/data/models/child_classes/notification.dart":{"language":"Dart","code":59,"comment":1,"blank":4},"file:///d%3A/agiaann/flutter-clean-architecture-instagram-1/android/app/build.gradle":{"language":"Groovy","code":74,"comment":7,"blank":16},"file:///d%3A/agiaann/flutter-clean-architecture-instagram-1/ios/Runner/AppDelegate.swift":{"language":"Swift","code":12,"comment":0,"blank":2},"file:///d%3A/agiaann/flutter-clean-architecture-instagram-1/lib/data/repositories_impl/group_message_repo_impl.dart":{"language":"Dart","code":73,"comment":0,"blank":9},"file:///d%3A/agiaann/flutter-clean-architecture-instagram-1/ios/Runner/Base.lproj/LaunchScreen.storyboard":{"language":"XML","code":36,"comment":1,"blank":1},"file:///d%3A/agiaann/flutter-clean-architecture-instagram-1/lib/data/models/parent_classes/without_sub_classes/message.dart":{"language":"Dart","code":113,"comment":1,"blank":6},"file:///d%3A/agiaann/flutter-clean-architecture-instagram-1/lib/data/models/parent_classes/without_sub_classes/push_notification.dart":{"language":"Dart","code":30,"comment":0,"blank":2},"file:///d%3A/agiaann/flutter-clean-architecture-instagram-1/lib/data/models/parent_classes/without_sub_classes/comment.dart":{"language":"Dart","code":69,"comment":0,"blank":6},"file:///d%3A/agiaann/flutter-clean-architecture-instagram-1/lib/data/repositories_impl/firestore_user_repo_impl.dart":{"language":"Dart","code":253,"comment":1,"blank":24},"file:///d%3A/agiaann/flutter-clean-architecture-instagram-1/android/app/src/profile/AndroidManifest.xml":{"language":"XML","code":4,"comment":4,"blank":1},"file:///d%3A/agiaann/flutter-clean-architecture-instagram-1/lib/data/repositories_impl/calling_rooms_repo_impl.dart":{"language":"Dart","code":105,"comment":0,"blank":7},"file:///d%3A/agiaann/flutter-clean-architecture-instagram-1/android/app/src/debug/AndroidManifest.xml":{"language":"XML","code":4,"comment":4,"blank":1},"file:///d%3A/agiaann/flutter-clean-architecture-instagram-1/android/app/src/main/AndroidManifest.xml":{"language":"XML","code":56,"comment":7,"blank":5},"file:///d%3A/agiaann/flutter-clean-architecture-instagram-1/lib/data/models/child_classes/post/story.dart":{"language":"Dart","code":53,"comment":0,"blank":4},"file:///d%3A/agiaann/flutter-clean-architecture-instagram-1/lib/data/models/child_classes/post/post.dart":{"language":"Dart","code":71,"comment":3,"blank":5},"file:///d%3A/agiaann/flutter-clean-architecture-instagram-1/lib/data/models/parent_classes/without_sub_classes/user_personal_info.dart":{"language":"Dart","code":103,"comment":1,"blank":5},"file:///d%3A/agiaann/flutter-clean-architecture-instagram-1/ios/Runner/Base.lproj/Main.storyboard":{"language":"XML","code":25,"comment":1,"blank":1},"file:///d%3A/agiaann/flutter-clean-architecture-instagram-1/lib/data/repositories_impl/post/firestore_post_repo_impl.dart":{"language":"Dart","code":115,"comment":0,"blank":12},"file:///d%3A/agiaann/flutter-clean-architecture-instagram-1/ios/Runner/Assets.xcassets/LaunchImage.imageset/README.md":{"language":"Markdown","code":3,"comment":0,"blank":2},"file:///d%3A/agiaann/flutter-clean-architecture-instagram-1/ios/Runner/Assets.xcassets/LaunchImage.imageset/Contents.json":{"language":"JSON","code":23,"comment":0,"blank":1},"file:///d%3A/agiaann/flutter-clean-architecture-instagram-1/ios/Runner/Assets.xcassets/AppIcon.appiconset/Contents.json":{"language":"JSON","code":122,"comment":0,"blank":1},"file:///d%3A/agiaann/flutter-clean-architecture-instagram-1/android/app/src/main/res/drawable/launch_background.xml":{"language":"XML","code":9,"comment":2,"blank":2},"file:///d%3A/agiaann/flutter-clean-architecture-instagram-1/web/index.html":{"language":"HTML","code":43,"comment":16,"blank":7},"file:///d%3A/agiaann/flutter-clean-architecture-instagram-1/android/app/src/main/res/values/colors.xml":{"language":"XML","code":4,"comment":0,"blank":0},"file:///d%3A/agiaann/flutter-clean-architecture-instagram-1/android/app/src/main/res/raw/keep.xml":{"language":"XML","code":4,"comment":0,"blank":0},"file:///d%3A/agiaann/flutter-clean-architecture-instagram-1/lib/data/repositories_impl/post/comment/firestore_reply_repo_impl.dart":{"language":"Dart","code":53,"comment":0,"blank":7},"file:///d%3A/agiaann/flutter-clean-architecture-instagram-1/lib/data/repositories_impl/post/comment/firestore_comment_repo_impl.dart":{"language":"Dart","code":52,"comment":0,"blank":8},"file:///d%3A/agiaann/flutter-clean-architecture-instagram-1/android/app/src/main/res/mipmap-anydpi-v26/ic_launcher.xml":{"language":"XML","code":5,"comment":0,"blank":1},"file:///d%3A/agiaann/flutter-clean-architecture-instagram-1/android/app/src/main/res/drawable-v21/launch_background.xml":{"language":"XML","code":4,"comment":7,"blank":2},"file:///d%3A/agiaann/flutter-clean-architecture-instagram-1/lib/data/data_sources/remote/calling_rooms/calling_rooms.dart":{"language":"Dart","code":96,"comment":0,"blank":10},"file:///d%3A/agiaann/flutter-clean-architecture-instagram-1/lib/data/data_sources/remote/post/firestore_post.dart":{"language":"Dart","code":125,"comment":0,"blank":15},"file:///d%3A/agiaann/flutter-clean-architecture-instagram-1/lib/data/data_sources/remote/story/firestore_story.dart":{"language":"Dart","code":47,"comment":0,"blank":6},"file:///d%3A/agiaann/flutter-clean-architecture-instagram-1/lib/data/data_sources/remote/user/firestore_user_info.dart":{"language":"Dart","code":375,"comment":3,"blank":40},"file:///d%3A/agiaann/flutter-clean-architecture-instagram-1/lib/data/data_sources/remote/post/comment/firestore_reply.dart":{"language":"Dart","code":53,"comment":0,"blank":11},"file:///d%3A/agiaann/flutter-clean-architecture-instagram-1/lib/data/data_sources/remote/post/comment/firestore_comment.dart":{"language":"Dart","code":76,"comment":0,"blank":13},"file:///d%3A/agiaann/flutter-clean-architecture-instagram-1/lib/data/data_sources/remote/firebase_storage.dart":{"language":"Dart","code":36,"comment":1,"blank":5},"file:///d%3A/agiaann/flutter-clean-architecture-instagram-1/lib/data/data_sources/remote/notification/firebase_notification.dart":{"language":"Dart","code":94,"comment":1,"blank":12},"file:///d%3A/agiaann/flutter-clean-architecture-instagram-1/lib/data/data_sources/remote/notification/device_notification.dart":{"language":"Dart","code":50,"comment":4,"blank":7},"file:///d%3A/agiaann/flutter-clean-architecture-instagram-1/lib/data/data_sources/remote/firebase_auth.dart":{"language":"Dart","code":20,"comment":0,"blank":5},"file:///d%3A/agiaann/flutter-clean-architecture-instagram-1/lib/data/data_sources/remote/chat/single_chat.dart":{"language":"Dart","code":72,"comment":0,"blank":9},"file:///d%3A/agiaann/flutter-clean-architecture-instagram-1/lib/data/data_sources/remote/chat/group_chat.dart":{"language":"Dart","code":76,"comment":0,"blank":14},"file:///d%3A/agiaann/flutter-clean-architecture-instagram-1/lib/main.dart":{"language":"Dart","code":44,"comment":1,"blank":8},"file:///d%3A/agiaann/flutter-clean-architecture-instagram-1/lib/presentation/screens/web_screen_layout.dart":{"language":"Dart","code":286,"comment":0,"blank":22},"file:///d%3A/agiaann/flutter-clean-architecture-instagram-1/lib/core/utility/injector.dart":{"language":"Dart","code":293,"comment":55,"blank":60},"file:///d%3A/agiaann/flutter-clean-architecture-instagram-1/lib/presentation/screens/responsive_layout.dart":{"language":"Dart","code":15,"comment":0,"blank":3},"file:///d%3A/agiaann/flutter-clean-architecture-instagram-1/lib/core/utility/constant.dart":{"language":"Dart","code":5,"comment":0,"blank":1},"file:///d%3A/agiaann/flutter-clean-architecture-instagram-1/lib/core/widgets/svg_pictures.dart":{"language":"Dart","code":23,"comment":0,"blank":2},"file:///d%3A/agiaann/flutter-clean-architecture-instagram-1/lib/domain/use_cases/user/search_about_user.dart":{"language":"Dart","code":14,"comment":0,"blank":4},"file:///d%3A/agiaann/flutter-clean-architecture-instagram-1/lib/domain/use_cases/post/create_post.dart":{"language":"Dart","code":18,"comment":0,"blank":4},"file:///d%3A/agiaann/flutter-clean-architecture-instagram-1/lib/presentation/pages/register/sign_up_page.dart":{"language":"Dart","code":341,"comment":0,"blank":26},"file:///d%3A/agiaann/flutter-clean-architecture-instagram-1/lib/presentation/widgets/global/circle_avatar_image/circle_avatar_of_profile_image.dart":{"language":"Dart","code":204,"comment":0,"blank":18},"file:///d%3A/agiaann/flutter-clean-architecture-instagram-1/lib/presentation/widgets/global/circle_avatar_image/circle_avatar_name.dart":{"language":"Dart","code":26,"comment":0,"blank":4},"file:///d%3A/agiaann/flutter-clean-architecture-instagram-1/lib/domain/use_cases/user/update_user_info.dart":{"language":"Dart","code":12,"comment":0,"blank":4},"file:///d%3A/agiaann/flutter-clean-architecture-instagram-1/lib/domain/use_cases/user/upload_profile_image_usecase.dart":{"language":"Dart","code":16,"comment":0,"blank":4},"file:///d%3A/agiaann/flutter-clean-architecture-instagram-1/lib/domain/use_cases/user/my_personal_info.dart":{"language":"Dart","code":11,"comment":0,"blank":4},"file:///d%3A/agiaann/flutter-clean-architecture-instagram-1/lib/presentation/pages/register/login_page.dart":{"language":"Dart","code":129,"comment":0,"blank":13},"file:///d%3A/agiaann/flutter-clean-architecture-instagram-1/lib/domain/use_cases/story/get_stories_info.dart":{"language":"Dart","code":12,"comment":0,"blank":4},"file:///d%3A/agiaann/flutter-clean-architecture-instagram-1/lib/presentation/widgets/belong_to/time_line_w/all_catch_up_icon.dart":{"language":"Dart","code":49,"comment":0,"blank":4},"file:///d%3A/agiaann/flutter-clean-architecture-instagram-1/lib/domain/use_cases/post/delete/delete_post.dart":{"language":"Dart","code":11,"comment":0,"blank":4},"file:///d%3A/agiaann/flutter-clean-architecture-instagram-1/lib/domain/use_cases/post/update/update_post.dart":{"language":"Dart","code":11,"comment":0,"blank":4},"file:///d%3A/agiaann/flutter-clean-architecture-instagram-1/lib/presentation/widgets/belong_to/videos_w/reel_video_play.dart":{"language":"Dart","code":118,"comment":0,"blank":12},"file:///d%3A/agiaann/flutter-clean-architecture-instagram-1/lib/presentation/widgets/belong_to/time_line_w/image_of_post_for_time_line.dart":{"language":"Dart","code":301,"comment":1,"blank":20},"file:///d%3A/agiaann/flutter-clean-architecture-instagram-1/lib/domain/use_cases/post/get/get_specific_users_posts.dart":{"language":"Dart","code":10,"comment":0,"blank":4},"file:///d%3A/agiaann/flutter-clean-architecture-instagram-1/lib/presentation/widgets/belong_to/story_w/story_swipe.dart":{"language":"Dart","code":89,"comment":18,"blank":16},"file:///d%3A/agiaann/flutter-clean-architecture-instagram-1/lib/presentation/widgets/belong_to/time_line_w/animated_dialog.dart":{"language":"Dart","code":40,"comment":0,"blank":9},"file:///d%3A/agiaann/flutter-clean-architecture-instagram-1/lib/domain/use_cases/post/comments/add_comment_use_case.dart":{"language":"Dart","code":11,"comment":0,"blank":4},"file:///d%3A/agiaann/flutter-clean-architecture-instagram-1/lib/presentation/widgets/belong_to/time_line_w/image_slider.dart":{"language":"Dart","code":164,"comment":0,"blank":6},"file:///d%3A/agiaann/flutter-clean-architecture-instagram-1/lib/domain/use_cases/post/likes/remove_the_like_on_this_post.dart":{"language":"Dart","code":12,"comment":0,"blank":4},"file:///d%3A/agiaann/flutter-clean-architecture-instagram-1/lib/domain/use_cases/post/get/get_post_info.dart":{"language":"Dart","code":14,"comment":0,"blank":4},"file:///d%3A/agiaann/flutter-clean-architecture-instagram-1/lib/presentation/widgets/belong_to/time_line_w/all_time_line_grid_view.dart":{"language":"Dart","code":148,"comment":0,"blank":13},"file:///d%3A/agiaann/flutter-clean-architecture-instagram-1/lib/domain/use_cases/post/get/get_all_posts.dart":{"language":"Dart","code":14,"comment":0,"blank":4},"file:///d%3A/agiaann/flutter-clean-architecture-instagram-1/lib/domain/use_cases/post/likes/put_like_on_this_post.dart":{"language":"Dart","code":12,"comment":0,"blank":4},"file:///d%3A/agiaann/flutter-clean-architecture-instagram-1/lib/presentation/widgets/belong_to/time_line_w/picture_viewer.dart":{"language":"Dart","code":0,"comment":0,"blank":2},"file:///d%3A/agiaann/flutter-clean-architecture-instagram-1/lib/domain/use_cases/post/comments/put_like.dart":{"language":"Dart","code":12,"comment":0,"blank":4},"file:///d%3A/agiaann/flutter-clean-architecture-instagram-1/lib/presentation/widgets/belong_to/time_line_w/points_scroll_bar.dart":{"language":"Dart","code":38,"comment":0,"blank":4},"file:///d%3A/agiaann/flutter-clean-architecture-instagram-1/lib/presentation/widgets/belong_to/screens_w.dart":{"language":"Dart","code":30,"comment":0,"blank":5},"file:///d%3A/agiaann/flutter-clean-architecture-instagram-1/lib/presentation/pages/story/story_page_for_mobile.dart":{"language":"Dart","code":340,"comment":0,"blank":26},"file:///d%3A/agiaann/flutter-clean-architecture-instagram-1/lib/domain/use_cases/story/get_specific_stories.dart":{"language":"Dart","code":12,"comment":0,"blank":4},"file:///d%3A/agiaann/flutter-clean-architecture-instagram-1/lib/presentation/pages/video/videos_page.dart":{"language":"Dart","code":443,"comment":0,"blank":30},"file:///d%3A/agiaann/flutter-clean-architecture-instagram-1/lib/domain/use_cases/post/comments/remove_like.dart":{"language":"Dart","code":12,"comment":0,"blank":4},"file:///d%3A/agiaann/flutter-clean-architecture-instagram-1/lib/presentation/widgets/belong_to/time_line_w/read_more_text.dart":{"language":"Dart","code":23,"comment":0,"blank":2},"file:///d%3A/agiaann/flutter-clean-architecture-instagram-1/lib/domain/use_cases/user/add_post_to_user.dart":{"language":"Dart","code":15,"comment":0,"blank":4},"file:///d%3A/agiaann/flutter-clean-architecture-instagram-1/lib/presentation/widgets/global/popup_widgets/common/jump_arrow.dart":{"language":"Dart","code":40,"comment":0,"blank":6},"file:///d%3A/agiaann/flutter-clean-architecture-instagram-1/lib/presentation/widgets/global/popup_widgets/common/head_of_popup_widget.dart":{"language":"Dart","code":43,"comment":0,"blank":3},"file:///d%3A/agiaann/flutter-clean-architecture-instagram-1/lib/presentation/widgets/belong_to/time_line_w/which_post_view.dart":{"language":"Dart","code":0,"comment":0,"blank":2},"file:///d%3A/agiaann/flutter-clean-architecture-instagram-1/lib/presentation/widgets/global/popup_widgets/common/get_users_info.dart":{"language":"Dart","code":63,"comment":0,"blank":6},"file:///d%3A/agiaann/flutter-clean-architecture-instagram-1/lib/presentation/widgets/belong_to/time_line_w/smart_refresher.dart":{"language":"Dart","code":171,"comment":0,"blank":14},"file:///d%3A/agiaann/flutter-clean-architecture-instagram-1/lib/presentation/widgets/global/popup_widgets/mobile/popup_post.dart":{"language":"Dart","code":556,"comment":0,"blank":40},"file:///d%3A/agiaann/flutter-clean-architecture-instagram-1/lib/presentation/widgets/belong_to/time_line_w/send_to_users.dart":{"language":"Dart","code":245,"comment":0,"blank":14},"file:///d%3A/agiaann/flutter-clean-architecture-instagram-1/lib/presentation/widgets/global/popup_widgets/common/volume_icon.dart":{"language":"Dart","code":25,"comment":0,"blank":4},"file:///d%3A/agiaann/flutter-clean-architecture-instagram-1/lib/domain/use_cases/story/delete_story.dart":{"language":"Dart","code":10,"comment":0,"blank":4},"file:///d%3A/agiaann/flutter-clean-architecture-instagram-1/lib/presentation/pages/story/story_for_web.dart":{"language":"Dart","code":479,"comment":2,"blank":26},"file:///d%3A/agiaann/flutter-clean-architecture-instagram-1/lib/presentation/widgets/global/popup_widgets/web/follow_card.dart":{"language":"Dart","code":53,"comment":0,"blank":5},"file:///d%3A/agiaann/flutter-clean-architecture-instagram-1/lib/presentation/pages/video/play_this_video.dart":{"language":"Dart","code":113,"comment":0,"blank":10},"file:///d%3A/agiaann/flutter-clean-architecture-instagram-1/lib/domain/use_cases/user/add_new_user_usecase.dart":{"language":"Dart","code":11,"comment":0,"blank":4},"file:///d%3A/agiaann/flutter-clean-architecture-instagram-1/lib/presentation/widgets/global/popup_widgets/web/menu_card.dart":{"language":"Dart","code":59,"comment":0,"blank":5},"file:///d%3A/agiaann/flutter-clean-architecture-instagram-1/lib/domain/use_cases/story/create_story.dart":{"language":"Dart","code":14,"comment":0,"blank":4},"file:///d%3A/agiaann/flutter-clean-architecture-instagram-1/lib/presentation/widgets/global/popup_widgets/web/new_post.dart":{"language":"Dart","code":704,"comment":4,"blank":28},"file:///d%3A/agiaann/flutter-clean-architecture-instagram-1/lib/presentation/widgets/global/popup_widgets/web/share_post.dart":{"language":"Dart","code":246,"comment":1,"blank":15},"file:///d%3A/agiaann/flutter-clean-architecture-instagram-1/lib/presentation/widgets/global/others/image_of_post.dart":{"language":"Dart","code":780,"comment":1,"blank":47},"file:///d%3A/agiaann/flutter-clean-architecture-instagram-1/lib/domain/use_cases/user/getUserInfo/get_all_users_info.dart":{"language":"Dart","code":12,"comment":0,"blank":4},"file:///d%3A/agiaann/flutter-clean-architecture-instagram-1/lib/presentation/pages/time_line/my_own_time_line/home_page.dart":{"language":"Dart","code":796,"comment":1,"blank":46},"file:///d%3A/agiaann/flutter-clean-architecture-instagram-1/lib/presentation/pages/time_line/my_own_time_line/update_post_info.dart":{"language":"Dart","code":199,"comment":0,"blank":13},"file:///d%3A/agiaann/flutter-clean-architecture-instagram-1/lib/domain/use_cases/post/comments/getComment/get_all_comment.dart":{"language":"Dart","code":11,"comment":0,"blank":4},"file:///d%3A/agiaann/flutter-clean-architecture-instagram-1/lib/presentation/widgets/global/custom_widgets/custom_app_bar.dart":{"language":"Dart","code":251,"comment":0,"blank":11},"file:///d%3A/agiaann/flutter-clean-architecture-instagram-1/lib/domain/use_cases/user/getUserInfo/get_all_un_followers_info.dart":{"language":"Dart","code":12,"comment":0,"blank":4},"file:///d%3A/agiaann/flutter-clean-architecture-instagram-1/lib/presentation/widgets/global/others/count_of_likes.dart":{"language":"Dart","code":42,"comment":0,"blank":4},"file:///d%3A/agiaann/flutter-clean-architecture-instagram-1/lib/presentation/pages/story/create_story.dart":{"language":"Dart","code":151,"comment":0,"blank":12},"file:///d%3A/agiaann/flutter-clean-architecture-instagram-1/lib/presentation/widgets/global/others/multi_bloc_provider.dart":{"language":"Dart","code":103,"comment":0,"blank":4},"file:///d%3A/agiaann/flutter-clean-architecture-instagram-1/lib/domain/use_cases/user/getUserInfo/get_specific_users_usecase.dart":{"language":"Dart","code":12,"comment":0,"blank":4},"file:///d%3A/agiaann/flutter-clean-architecture-instagram-1/lib/presentation/widgets/global/others/share_button.dart":{"language":"Dart","code":205,"comment":0,"blank":16},"file:///d%3A/agiaann/flutter-clean-architecture-instagram-1/lib/presentation/widgets/global/custom_widgets/custom_elevated_button.dart":{"language":"Dart","code":80,"comment":0,"blank":7},"file:///d%3A/agiaann/flutter-clean-architecture-instagram-1/lib/presentation/widgets/global/others/notification_card_info.dart":{"language":"Dart","code":155,"comment":0,"blank":8},"file:///d%3A/agiaann/flutter-clean-architecture-instagram-1/lib/presentation/widgets/global/custom_widgets/custom_circulars_progress.dart":{"language":"Dart","code":38,"comment":0,"blank":6},"file:///d%3A/agiaann/flutter-clean-architecture-instagram-1/lib/domain/use_cases/user/getUserInfo/get_followers_and_followings_usecase.dart":{"language":"Dart","code":16,"comment":0,"blank":4},"file:///d%3A/agiaann/flutter-clean-architecture-instagram-1/lib/presentation/pages/shop/shop_page.dart":{"language":"Dart","code":15,"comment":0,"blank":3},"file:///d%3A/agiaann/flutter-clean-architecture-instagram-1/lib/presentation/widgets/global/custom_widgets/custom_gallery_display.dart":{"language":"Dart","code":83,"comment":1,"blank":8},"file:///d%3A/agiaann/flutter-clean-architecture-instagram-1/lib/domain/use_cases/user/getUserInfo/get_user_from_user_name.dart":{"language":"Dart","code":11,"comment":0,"blank":4},"file:///d%3A/agiaann/flutter-clean-architecture-instagram-1/lib/core/translations/translations.dart":{"language":"Dart","code":7,"comment":0,"blank":2},"file:///d%3A/agiaann/flutter-clean-architecture-instagram-1/lib/domain/entities/specific_users_info.dart":{"language":"Dart","code":7,"comment":0,"blank":3},"file:///d%3A/agiaann/flutter-clean-architecture-instagram-1/lib/presentation/pages/time_line/all_user_time_line/search_about_user.dart":{"language":"Dart","code":128,"comment":1,"blank":11},"file:///d%3A/agiaann/flutter-clean-architecture-instagram-1/lib/presentation/widgets/belong_to/register_w/popup_calling.dart":{"language":"Dart","code":42,"comment":0,"blank":7},"file:///d%3A/agiaann/flutter-clean-architecture-instagram-1/lib/presentation/widgets/global/custom_widgets/custom_memory_image_display.dart":{"language":"Dart","code":66,"comment":1,"blank":9},"file:///d%3A/agiaann/flutter-clean-architecture-instagram-1/lib/domain/use_cases/post/comments/replies/reply_on_this_comment.dart":{"language":"Dart","code":12,"comment":0,"blank":4},"file:///d%3A/agiaann/flutter-clean-architecture-instagram-1/lib/presentation/widgets/belong_to/register_w/or_text.dart":{"language":"Dart","code":33,"comment":0,"blank":3},"file:///d%3A/agiaann/flutter-clean-architecture-instagram-1/lib/presentation/pages/time_line/all_user_time_line/all_users_time_line.dart":{"language":"Dart","code":143,"comment":0,"blank":10},"file:///d%3A/agiaann/flutter-clean-architecture-instagram-1/lib/presentation/widgets/global/custom_widgets/custom_linears_progress.dart":{"language":"Dart","code":9,"comment":0,"blank":3},"file:///d%3A/agiaann/flutter-clean-architecture-instagram-1/lib/presentation/widgets/global/custom_widgets/custom_multi_posts_display.dart":{"language":"Dart","code":56,"comment":0,"blank":3},"file:///d%3A/agiaann/flutter-clean-architecture-instagram-1/lib/presentation/widgets/belong_to/profile_w/bottom_sheet.dart":{"language":"Dart","code":52,"comment":0,"blank":5},"file:///d%3A/agiaann/flutter-clean-architecture-instagram-1/lib/presentation/widgets/belong_to/register_w/get_my_user_info.dart":{"language":"Dart","code":47,"comment":0,"blank":5},"file:///d%3A/agiaann/flutter-clean-architecture-instagram-1/lib/presentation/widgets/global/custom_widgets/custom_grid_view_display.dart":{"language":"Dart","code":108,"comment":0,"blank":9},"file:///d%3A/agiaann/flutter-clean-architecture-instagram-1/lib/presentation/widgets/belong_to/register_w/register_widgets.dart":{"language":"Dart","code":229,"comment":0,"blank":11},"file:///d%3A/agiaann/flutter-clean-architecture-instagram-1/lib/domain/use_cases/user/getUserInfo/get_user_info_usecase.dart":{"language":"Dart","code":14,"comment":0,"blank":4},"file:///d%3A/agiaann/flutter-clean-architecture-instagram-1/lib/domain/use_cases/post/comments/replies/get_replies_of_this_comment.dart":{"language":"Dart","code":13,"comment":0,"blank":4},"file:///d%3A/agiaann/flutter-clean-architecture-instagram-1/lib/presentation/widgets/belong_to/profile_w/draggable_bottom_sheet.dart":{"language":"Dart","code":8,"comment":0,"blank":3},"file:///d%3A/agiaann/flutter-clean-architecture-instagram-1/lib/presentation/widgets/global/custom_widgets/custom_popup_menu_card.dart":{"language":"Dart","code":0,"comment":0,"blank":2},"file:///d%3A/agiaann/flutter-clean-architecture-instagram-1/lib/presentation/widgets/belong_to/profile_w/custom_videos_grid_view.dart":{"language":"Dart","code":54,"comment":0,"blank":7},"file:///d%3A/agiaann/flutter-clean-architecture-instagram-1/lib/presentation/widgets/global/custom_widgets/custom_network_image_display.dart":{"language":"Dart","code":104,"comment":1,"blank":12},"file:///d%3A/agiaann/flutter-clean-architecture-instagram-1/lib/presentation/widgets/global/custom_widgets/custom_posts_display.dart":{"language":"Dart","code":121,"comment":0,"blank":14},"file:///d%3A/agiaann/flutter-clean-architecture-instagram-1/lib/presentation/widgets/belong_to/profile_w/profile_grid_view.dart":{"language":"Dart","code":52,"comment":0,"blank":7},"file:///d%3A/agiaann/flutter-clean-architecture-instagram-1/lib/presentation/widgets/global/aimation/fade_animation.dart":{"language":"Dart","code":51,"comment":0,"blank":11},"file:///d%3A/agiaann/flutter-clean-architecture-instagram-1/lib/presentation/screens/mobile_screen_layout.dart":{"language":"Dart","code":125,"comment":0,"blank":15},"file:///d%3A/agiaann/flutter-clean-architecture-instagram-1/lib/core/use_case/use_case.dart":{"language":"Dart","code":23,"comment":0,"blank":6},"file:///d%3A/agiaann/flutter-clean-architecture-instagram-1/lib/presentation/widgets/belong_to/profile_w/profile_page.dart":{"language":"Dart","code":466,"comment":0,"blank":19},"file:///d%3A/agiaann/flutter-clean-architecture-instagram-1/lib/presentation/widgets/global/custom_widgets/custom_post_display.dart":{"language":"Dart","code":100,"comment":0,"blank":8},"file:///d%3A/agiaann/flutter-clean-architecture-instagram-1/lib/presentation/widgets/global/aimation/like_popup_animation.dart":{"language":"Dart","code":65,"comment":0,"blank":9},"file:///d%3A/agiaann/flutter-clean-architecture-instagram-1/lib/domain/entities/sender_info.dart":{"language":"Dart","code":14,"comment":1,"blank":1},"file:///d%3A/agiaann/flutter-clean-architecture-instagram-1/lib/presentation/widgets/belong_to/comments_w/comment_box.dart":{"language":"Dart","code":230,"comment":1,"blank":13},"file:///d%3A/agiaann/flutter-clean-architecture-instagram-1/lib/presentation/widgets/belong_to/profile_w/show_me_the_users.dart":{"language":"Dart","code":201,"comment":1,"blank":13},"file:///d%3A/agiaann/flutter-clean-architecture-instagram-1/lib/presentation/widgets/global/custom_widgets/custom_smart_refresh.dart":{"language":"Dart","code":96,"comment":0,"blank":10},"file:///d%3A/agiaann/flutter-clean-architecture-instagram-1/lib/presentation/widgets/belong_to/profile_w/which_profile_page.dart":{"language":"Dart","code":34,"comment":0,"blank":4},"file:///d%3A/agiaann/flutter-clean-architecture-instagram-1/lib/presentation/widgets/belong_to/comments_w/commentator.dart":{"language":"Dart","code":399,"comment":2,"blank":18},"file:///d%3A/agiaann/flutter-clean-architecture-instagram-1/lib/presentation/pages/profile/edit_profile_page.dart":{"language":"Dart","code":369,"comment":0,"blank":31},"file:///d%3A/agiaann/flutter-clean-architecture-instagram-1/lib/presentation/widgets/global/custom_widgets/custom_text_field.dart":{"language":"Dart","code":94,"comment":0,"blank":10},"file:///d%3A/agiaann/flutter-clean-architecture-instagram-1/lib/presentation/widgets/belong_to/comments_w/comment_of_post.dart":{"language":"Dart","code":255,"comment":0,"blank":27},"file:///d%3A/agiaann/flutter-clean-architecture-instagram-1/lib/presentation/pages/profile/followers_info_page.dart":{"language":"Dart","code":138,"comment":0,"blank":11},"file:///d%3A/agiaann/flutter-clean-architecture-instagram-1/lib/presentation/pages/profile/create_post_page.dart":{"language":"Dart","code":233,"comment":0,"blank":18},"file:///d%3A/agiaann/flutter-clean-architecture-instagram-1/lib/presentation/widgets/belong_to/profile_w/recommendation_people.dart":{"language":"Dart","code":24,"comment":0,"blank":3},"file:///d%3A/agiaann/flutter-clean-architecture-instagram-1/lib/presentation/widgets/belong_to/messages_w/chat_messages.dart":{"language":"Dart","code":1122,"comment":1,"blank":68},"file:///d%3A/agiaann/flutter-clean-architecture-instagram-1/lib/presentation/widgets/global/custom_widgets/custom_share_button.dart":{"language":"Dart","code":135,"comment":1,"blank":9},"file:///d%3A/agiaann/flutter-clean-architecture-instagram-1/lib/presentation/widgets/global/custom_widgets/get_post_info.dart":{"language":"Dart","code":76,"comment":0,"blank":3},"file:///d%3A/agiaann/flutter-clean-architecture-instagram-1/lib/domain/use_cases/post/comments/replies/likes/remove_like_on_this_reply.dart":{"language":"Dart","code":13,"comment":0,"blank":4},"file:///d%3A/agiaann/flutter-clean-architecture-instagram-1/lib/presentation/pages/profile/users_who_likes.dart":{"language":"Dart","code":49,"comment":0,"blank":5},"file:///d%3A/agiaann/flutter-clean-architecture-instagram-1/lib/core/translations/local_storage/local_storage.dart":{"language":"Dart","code":9,"comment":0,"blank":3},"file:///d%3A/agiaann/flutter-clean-architecture-instagram-1/lib/domain/use_cases/post/comments/replies/likes/put_like_on_this_reply.dart":{"language":"Dart","code":13,"comment":0,"blank":4},"file:///d%3A/agiaann/flutter-clean-architecture-instagram-1/lib/presentation/pages/profile/personal_profile_page.dart":{"language":"Dart","code":398,"comment":0,"blank":31},"file:///d%3A/agiaann/flutter-clean-architecture-instagram-1/lib/domain/entities/registered_user.dart":{"language":"Dart","code":5,"comment":0,"blank":2},"file:///d%3A/agiaann/flutter-clean-architecture-instagram-1/lib/presentation/pages/profile/users_who_likes_for_mobile.dart":{"language":"Dart","code":38,"comment":0,"blank":5},"file:///d%3A/agiaann/flutter-clean-architecture-instagram-1/lib/domain/use_cases/notification/create_notification_use_case.dart":{"language":"Dart","code":11,"comment":0,"blank":2},"file:///d%3A/agiaann/flutter-clean-architecture-instagram-1/lib/domain/entities/notification_check.dart":{"language":"Dart","code":23,"comment":1,"blank":4},"file:///d%3A/agiaann/flutter-clean-architecture-instagram-1/lib/core/translations/app_lang.dart":{"language":"Dart","code":25,"comment":0,"blank":6},"file:///d%3A/agiaann/flutter-clean-architecture-instagram-1/lib/domain/use_cases/definition.md":{"language":"Markdown","code":1,"comment":0,"blank":0},"file:///d%3A/agiaann/flutter-clean-architecture-instagram-1/lib/domain/use_cases/notification/delete_notification.dart":{"language":"Dart","code":12,"comment":0,"blank":2},"file:///d%3A/agiaann/flutter-clean-architecture-instagram-1/lib/presentation/pages/messages/chatting_page.dart":{"language":"Dart","code":171,"comment":1,"blank":17},"file:///d%3A/agiaann/flutter-clean-architecture-instagram-1/lib/presentation/pages/profile/users_who_likes_for_web.dart":{"language":"Dart","code":50,"comment":0,"blank":5},"file:///d%3A/agiaann/flutter-clean-architecture-instagram-1/lib/domain/entities/followers_user_info.dart":{"language":"Dart","code":12,"comment":0,"blank":2},"file:///d%3A/agiaann/flutter-clean-architecture-instagram-1/lib/domain/use_cases/notification/get_notifications_use_case.dart":{"language":"Dart","code":12,"comment":0,"blank":2},"file:///d%3A/agiaann/flutter-clean-architecture-instagram-1/lib/domain/entities/followed_user_info.dart":{"language":"Dart","code":12,"comment":0,"blank":2},"file:///d%3A/agiaann/flutter-clean-architecture-instagram-1/lib/presentation/pages/profile/user_profile_page.dart":{"language":"Dart","code":364,"comment":2,"blank":26},"file:///d%3A/agiaann/flutter-clean-architecture-instagram-1/lib/core/translations/langs/ar.dart":{"language":"Dart","code":135,"comment":0,"blank":1},"file:///d%3A/agiaann/flutter-clean-architecture-instagram-1/lib/presentation/pages/messages/video_call_page.dart":{"language":"Dart","code":352,"comment":11,"blank":29},"file:///d%3A/agiaann/flutter-clean-architecture-instagram-1/lib/core/translations/langs/en.dart":{"language":"Dart","code":135,"comment":0,"blank":1},"file:///d%3A/agiaann/flutter-clean-architecture-instagram-1/lib/presentation/pages/messages/wait_call_page.dart":{"language":"Dart","code":104,"comment":1,"blank":11},"file:///d%3A/agiaann/flutter-clean-architecture-instagram-1/lib/presentation/pages/comments/comments_for_mobile.dart":{"language":"Dart","code":38,"comment":0,"blank":6},"file:///d%3A/agiaann/flutter-clean-architecture-instagram-1/lib/presentation/pages/messages/select_for_group_chat.dart":{"language":"Dart","code":290,"comment":0,"blank":14},"file:///d%3A/agiaann/flutter-clean-architecture-instagram-1/lib/presentation/pages/messages/ringing_page.dart":{"language":"Dart","code":160,"comment":0,"blank":10},"file:///d%3A/agiaann/flutter-clean-architecture-instagram-1/lib/presentation/pages/messages/messages_page_for_mobile.dart":{"language":"Dart","code":32,"comment":0,"blank":4},"file:///d%3A/agiaann/flutter-clean-architecture-instagram-1/lib/presentation/pages/comments/commnets_for_web.dart":{"language":"Dart","code":8,"comment":0,"blank":3},"file:///d%3A/agiaann/flutter-clean-architecture-instagram-1/lib/domain/use_cases/follow/follow_this_user.dart":{"language":"Dart","code":10,"comment":0,"blank":4},"file:///d%3A/agiaann/flutter-clean-architecture-instagram-1/lib/presentation/pages/messages/messages_for_web.dart":{"language":"Dart","code":233,"comment":0,"blank":15},"file:///d%3A/agiaann/flutter-clean-architecture-instagram-1/lib/domain/entities/definition.md":{"language":"Markdown","code":2,"comment":0,"blank":0},"file:///d%3A/agiaann/flutter-clean-architecture-instagram-1/lib/domain/entities/calling_status.dart":{"language":"Dart","code":4,"comment":0,"blank":1},"file:///d%3A/agiaann/flutter-clean-architecture-instagram-1/lib/domain/use_cases/auth/log_in_auth_usecase.dart":{"language":"Dart","code":12,"comment":0,"blank":4},"file:///d%3A/agiaann/flutter-clean-architecture-instagram-1/lib/presentation/pages/activity/activity_for_web.dart":{"language":"Dart","code":27,"comment":0,"blank":3},"file:///d%3A/agiaann/flutter-clean-architecture-instagram-1/lib/domain/use_cases/calling_rooms/cancel_joining_to_room.dart":{"language":"Dart","code":17,"comment":0,"blank":2},"file:///d%3A/agiaann/flutter-clean-architecture-instagram-1/lib/presentation/pages/activity/activity_for_mobile.dart":{"language":"Dart","code":164,"comment":1,"blank":14},"file:///d%3A/agiaann/flutter-clean-architecture-instagram-1/lib/domain/use_cases/follow/remove_this_follower.dart":{"language":"Dart","code":11,"comment":0,"blank":4},"file:///d%3A/agiaann/flutter-clean-architecture-instagram-1/lib/domain/use_cases/calling_rooms/create_calling_room.dart":{"language":"Dart","code":15,"comment":0,"blank":2},"file:///d%3A/agiaann/flutter-clean-architecture-instagram-1/lib/domain/use_cases/auth/sign_out_auth_usecase.dart":{"language":"Dart","code":10,"comment":0,"blank":4},"file:///d%3A/agiaann/flutter-clean-architecture-instagram-1/lib/domain/use_cases/calling_rooms/delete_the_room.dart":{"language":"Dart","code":13,"comment":0,"blank":2},"file:///d%3A/agiaann/flutter-clean-architecture-instagram-1/lib/domain/use_cases/calling_rooms/get_calling_status.dart":{"language":"Dart","code":10,"comment":0,"blank":2},"file:///d%3A/agiaann/flutter-clean-architecture-instagram-1/lib/domain/use_cases/auth/sign_up_auth_usecase.dart":{"language":"Dart","code":12,"comment":0,"blank":4},"file:///d%3A/agiaann/flutter-clean-architecture-instagram-1/lib/domain/use_cases/message/single_message/add_message.dart":{"language":"Dart","code":20,"comment":0,"blank":5},"file:///d%3A/agiaann/flutter-clean-architecture-instagram-1/lib/presentation/widgets/belong_to/messages_w/record_view.dart":{"language":"Dart","code":119,"comment":1,"blank":13},"file:///d%3A/agiaann/flutter-clean-architecture-instagram-1/lib/domain/use_cases/message/common/get_specific_chat_info.dart":{"language":"Dart","code":14,"comment":0,"blank":4},"file:///d%3A/agiaann/flutter-clean-architecture-instagram-1/lib/domain/use_cases/message/group_message/add_message.dart":{"language":"Dart","code":20,"comment":0,"blank":4},"file:///d%3A/agiaann/flutter-clean-architecture-instagram-1/lib/domain/use_cases/message/single_message/get_chat_users_info.dart":{"language":"Dart","code":13,"comment":0,"blank":4},"file:///d%3A/agiaann/flutter-clean-architecture-instagram-1/lib/presentation/widgets/belong_to/messages_w/list_of_messages.dart":{"language":"Dart","code":222,"comment":0,"blank":10},"file:///d%3A/agiaann/flutter-clean-architecture-instagram-1/lib/domain/use_cases/calling_rooms/join_to_calling_room.dart":{"language":"Dart","code":14,"comment":0,"blank":2},"file:///d%3A/agiaann/flutter-clean-architecture-instagram-1/lib/domain/use_cases/message/single_message/get_messages.dart":{"language":"Dart","code":11,"comment":0,"blank":4},"file:///d%3A/agiaann/flutter-clean-architecture-instagram-1/lib/domain/use_cases/message/single_message/delete_message.dart":{"language":"Dart","code":18,"comment":0,"blank":4},"file:///d%3A/agiaann/flutter-clean-architecture-instagram-1/lib/domain/use_cases/calling_rooms/get_users_info_in_room.dart":{"language":"Dart","code":12,"comment":0,"blank":2},"file:///d%3A/agiaann/flutter-clean-architecture-instagram-1/lib/domain/use_cases/message/group_message/delete_message.dart":{"language":"Dart","code":19,"comment":0,"blank":4},"file:///d%3A/agiaann/flutter-clean-architecture-instagram-1/lib/domain/use_cases/message/group_message/get_messages.dart":{"language":"Dart","code":12,"comment":0,"blank":4},"file:///d%3A/agiaann/flutter-clean-architecture-instagram-1/lib/core/definition.md":{"language":"Markdown","code":1,"comment":0,"blank":0},"file:///d%3A/agiaann/flutter-clean-architecture-instagram-1/lib/core/resources/assets_manager.dart":{"language":"Dart","code":41,"comment":0,"blank":3},"file:///d%3A/agiaann/flutter-clean-architecture-instagram-1/lib/core/functions/blur_hash.dart":{"language":"Dart","code":8,"comment":0,"blank":2},"file:///d%3A/agiaann/flutter-clean-architecture-instagram-1/lib/core/resources/color_manager.dart":{"language":"Dart","code":41,"comment":0,"blank":13},"file:///d%3A/agiaann/flutter-clean-architecture-instagram-1/lib/core/app.dart":{"language":"Dart","code":68,"comment":0,"blank":9},"file:///d%3A/agiaann/flutter-clean-architecture-instagram-1/lib/core/functions/date_of_now.dart":{"language":"Dart","code":51,"comment":0,"blank":8},"file:///d%3A/agiaann/flutter-clean-architecture-instagram-1/lib/core/resources/styles_manager.dart":{"language":"Dart","code":49,"comment":0,"blank":8},"file:///d%3A/agiaann/flutter-clean-architecture-instagram-1/lib/core/resources/strings_manager.dart":{"language":"Dart","code":136,"comment":0,"blank":41},"file:///d%3A/agiaann/flutter-clean-architecture-instagram-1/lib/core/functions/compress_image.dart":{"language":"Dart","code":30,"comment":0,"blank":4},"file:///d%3A/agiaann/flutter-clean-architecture-instagram-1/lib/core/resources/font_manager.dart":{"language":"Dart","code":20,"comment":0,"blank":4},"file:///d%3A/agiaann/flutter-clean-architecture-instagram-1/lib/core/functions/notifications_permissions.dart":{"language":"Dart","code":214,"comment":11,"blank":25},"file:///d%3A/agiaann/flutter-clean-architecture-instagram-1/lib/presentation/widgets/belong_to/messages_w/chat_page_component/shared_message.dart":{"language":"Dart","code":148,"comment":0,"blank":7},"file:///d%3A/agiaann/flutter-clean-architecture-instagram-1/lib/presentation/widgets/belong_to/messages_w/chat_page_component/send_message_button.dart":{"language":"Dart","code":0,"comment":0,"blank":2},"file:///d%3A/agiaann/flutter-clean-architecture-instagram-1/lib/domain/repositories/auth_repository.dart":{"language":"Dart","code":7,"comment":0,"blank":2},"file:///d%3A/agiaann/flutter-clean-architecture-instagram-1/lib/core/functions/toast_show.dart":{"language":"Dart","code":24,"comment":0,"blank":4},"file:///d%3A/agiaann/flutter-clean-architecture-instagram-1/lib/domain/repositories/calling_rooms_repository.dart":{"language":"Dart","code":19,"comment":0,"blank":6},"file:///d%3A/agiaann/flutter-clean-architecture-instagram-1/lib/presentation/customPackages/audio_recorder/owner_of_this_package.dart":{"language":"Dart","code":0,"comment":1,"blank":1},"file:///d%3A/agiaann/flutter-clean-architecture-instagram-1/lib/presentation/customPackages/audio_recorder/show_counter.dart":{"language":"Dart","code":49,"comment":1,"blank":4},"file:///d%3A/agiaann/flutter-clean-architecture-instagram-1/lib/presentation/customPackages/audio_recorder/show_mic_and_counter.dart":{"language":"Dart","code":88,"comment":3,"blank":2},"file:///d%3A/agiaann/flutter-clean-architecture-instagram-1/lib/presentation/customPackages/in_view_notifier/in_view_notifier.dart":{"language":"Dart","code":125,"comment":16,"blank":24},"file:///d%3A/agiaann/flutter-clean-architecture-instagram-1/lib/presentation/customPackages/in_view_notifier/in_view_notifier_widget.dart":{"language":"Dart","code":54,"comment":0,"blank":11},"file:///d%3A/agiaann/flutter-clean-architecture-instagram-1/lib/presentation/customPackages/story_view/owner_of_this_package.dart":{"language":"Dart","code":0,"comment":1,"blank":1},"file:///d%3A/agiaann/flutter-clean-architecture-instagram-1/lib/presentation/customPackages/audio_recorder/sound_recorder_when_locked_design.dart":{"language":"Dart","code":99,"comment":0,"blank":4},"file:///d%3A/agiaann/flutter-clean-architecture-instagram-1/lib/presentation/customPackages/in_view_notifier/in_view_notifier_list.dart":{"language":"Dart","code":57,"comment":0,"blank":3},"file:///d%3A/agiaann/flutter-clean-architecture-instagram-1/lib/presentation/customPackages/audio_recorder/sound_recorder_notifier.dart":{"language":"Dart","code":179,"comment":39,"blank":34},"file:///d%3A/agiaann/flutter-clean-architecture-instagram-1/lib/presentation/customPackages/in_view_notifier/in_view_notifier_custom.dart":{"language":"Dart","code":54,"comment":0,"blank":3},"file:///d%3A/agiaann/flutter-clean-architecture-instagram-1/lib/presentation/customPackages/audio_recorder/social_media_recoder.dart":{"language":"Dart","code":136,"comment":5,"blank":15},"file:///d%3A/agiaann/flutter-clean-architecture-instagram-1/lib/presentation/customPackages/audio_recorder/lock_record.dart":{"language":"Dart","code":62,"comment":4,"blank":3},"file:///d%3A/agiaann/flutter-clean-architecture-instagram-1/lib/domain/repositories/user_repository.dart":{"language":"Dart","code":46,"comment":0,"blank":17},"file:///d%3A/agiaann/flutter-clean-architecture-instagram-1/lib/presentation/customPackages/crop_image/owner_of_this_package.dart":{"language":"Dart","code":0,"comment":1,"blank":1},"file:///d%3A/agiaann/flutter-clean-architecture-instagram-1/lib/presentation/customPackages/in_view_notifier/in_view_state.dart":{"language":"Dart","code":62,"comment":18,"blank":18},"file:///d%3A/agiaann/flutter-clean-architecture-instagram-1/lib/domain/repositories/story_repository.dart":{"language":"Dart","code":12,"comment":0,"blank":2},"file:///d%3A/agiaann/flutter-clean-architecture-instagram-1/lib/presentation/customPackages/audio_recorder/audio_encoder.dart":{"language":"Dart","code":8,"comment":16,"blank":6},"file:///d%3A/agiaann/flutter-clean-architecture-instagram-1/lib/presentation/customPackages/story_view/story_controller.dart":{"language":"Dart","code":20,"comment":11,"blank":8},"file:///d%3A/agiaann/flutter-clean-architecture-instagram-1/lib/presentation/customPackages/crop_image/crop_image.dart":{"language":"Dart","code":577,"comment":0,"blank":88},"file:///d%3A/agiaann/flutter-clean-architecture-instagram-1/lib/presentation/customPackages/story_view/story_image.dart":{"language":"Dart","code":164,"comment":14,"blank":34},"file:///d%3A/agiaann/flutter-clean-architecture-instagram-1/lib/presentation/customPackages/in_view_notifier/owner_of_this_package.dart":{"language":"Dart","code":0,"comment":1,"blank":1},"file:///d%3A/agiaann/flutter-clean-architecture-instagram-1/lib/presentation/customPackages/story_view/utils.dart":{"language":"Dart","code":18,"comment":0,"blank":8},"file:///d%3A/agiaann/flutter-clean-architecture-instagram-1/lib/presentation/cubit/notification/notification_cubit.dart":{"language":"Dart","code":48,"comment":0,"blank":6},"file:///d%3A/agiaann/flutter-clean-architecture-instagram-1/lib/presentation/cubit/postInfoCubit/post_cubit.dart":{"language":"Dart","code":101,"comment":0,"blank":11},"file:///d%3A/agiaann/flutter-clean-architecture-instagram-1/lib/presentation/cubit/firestoreUserInfoCubit/users_info_cubit.dart":{"language":"Dart","code":49,"comment":0,"blank":8},"file:///d%3A/agiaann/flutter-clean-architecture-instagram-1/lib/presentation/cubit/firebaseAuthCubit/firebase_auth_cubit.dart":{"language":"Dart","code":46,"comment":0,"blank":7},"file:///d%3A/agiaann/flutter-clean-architecture-instagram-1/lib/presentation/cubit/firebaseAuthCubit/firebase_auth_state.dart":{"language":"Dart","code":13,"comment":0,"blank":8},"file:///d%3A/agiaann/flutter-clean-architecture-instagram-1/lib/domain/repositories/post/post_repository.dart":{"language":"Dart","code":21,"comment":0,"blank":2},"file:///d%3A/agiaann/flutter-clean-architecture-instagram-1/lib/presentation/cubit/postInfoCubit/specific_users_posts_state.dart":{"language":"Dart","code":16,"comment":0,"blank":7},"file:///d%3A/agiaann/flutter-clean-architecture-instagram-1/lib/presentation/cubit/StoryCubit/story_state.dart":{"language":"Dart","code":34,"comment":0,"blank":14},"file:///d%3A/agiaann/flutter-clean-architecture-instagram-1/lib/presentation/cubit/postInfoCubit/specific_users_posts_cubit.dart":{"language":"Dart","code":26,"comment":0,"blank":6},"file:///d%3A/agiaann/flutter-clean-architecture-instagram-1/lib/presentation/cubit/StoryCubit/story_cubit.dart":{"language":"Dart","code":68,"comment":0,"blank":9},"file:///d%3A/agiaann/flutter-clean-architecture-instagram-1/lib/presentation/cubit/firestoreUserInfoCubit/users_info_state.dart":{"language":"Dart","code":21,"comment":0,"blank":12},"file:///d%3A/agiaann/flutter-clean-architecture-instagram-1/lib/presentation/cubit/postInfoCubit/post_state.dart":{"language":"Dart","code":31,"comment":0,"blank":17},"file:///d%3A/agiaann/flutter-clean-architecture-instagram-1/lib/presentation/cubit/notification/notification_state.dart":{"language":"Dart","code":25,"comment":0,"blank":13},"file:///d%3A/agiaann/flutter-clean-architecture-instagram-1/lib/presentation/cubit/firestoreUserInfoCubit/add_new_user_state.dart":{"language":"Dart","code":9,"comment":0,"blank":6},"file:///d%3A/agiaann/flutter-clean-architecture-instagram-1/lib/presentation/customPackages/story_view/story_view.dart":{"language":"Dart","code":738,"comment":70,"blank":85},"file:///d%3A/agiaann/flutter-clean-architecture-instagram-1/lib/presentation/customPackages/story_view/story_video.dart":{"language":"Dart","code":133,"comment":1,"blank":24},"file:///d%3A/agiaann/flutter-clean-architecture-instagram-1/lib/presentation/cubit/firestoreUserInfoCubit/add_new_user_cubit.dart":{"language":"Dart","code":19,"comment":0,"blank":5},"file:///d%3A/agiaann/flutter-clean-architecture-instagram-1/lib/presentation/customPackages/in_view_notifier/widget_data.dart":{"language":"Dart","code":20,"comment":2,"blank":8},"file:///d%3A/agiaann/flutter-clean-architecture-instagram-1/lib/presentation/customPackages/story_view/story_image_for_web.dart":{"language":"Dart","code":96,"comment":4,"blank":13},"file:///d%3A/agiaann/flutter-clean-architecture-instagram-1/lib/presentation/cubit/firestoreUserInfoCubit/user_info_cubit.dart":{"language":"Dart","code":127,"comment":0,"blank":14},"file:///d%3A/agiaann/flutter-clean-architecture-instagram-1/lib/domain/repositories/group_message.dart":{"language":"Dart","code":15,"comment":0,"blank":5},"file:///d%3A/agiaann/flutter-clean-architecture-instagram-1/lib/presentation/cubit/firestoreUserInfoCubit/searchAboutUser/search_about_user_event.dart":{"language":"Dart","code":19,"comment":0,"blank":6},"file:///d%3A/agiaann/flutter-clean-architecture-instagram-1/lib/domain/repositories/post/comment/comment_repository.dart":{"language":"Dart","code":9,"comment":0,"blank":2},"file:///d%3A/agiaann/flutter-clean-architecture-instagram-1/lib/presentation/cubit/firestoreUserInfoCubit/searchAboutUser/search_about_user_bloc.dart":{"language":"Dart","code":39,"comment":0,"blank":7},"file:///d%3A/agiaann/flutter-clean-architecture-instagram-1/lib/presentation/cubit/firestoreUserInfoCubit/user_info_state.dart":{"language":"Dart","code":26,"comment":2,"blank":15},"file:///d%3A/agiaann/flutter-clean-architecture-instagram-1/lib/domain/repositories/post/comment/reply_repository.dart":{"language":"Dart","code":9,"comment":0,"blank":2},"file:///d%3A/agiaann/flutter-clean-architecture-instagram-1/lib/domain/repositories/firestore_notification.dart":{"language":"Dart","code":9,"comment":0,"blank":2},"file:///d%3A/agiaann/flutter-clean-architecture-instagram-1/lib/domain/repositories/definition.md":{"language":"Markdown","code":1,"comment":0,"blank":0},"file:///d%3A/agiaann/flutter-clean-architecture-instagram-1/lib/presentation/customPackages/snapping.dart":{"language":"Dart","code":286,"comment":1,"blank":70},"file:///d%3A/agiaann/flutter-clean-architecture-instagram-1/lib/presentation/cubit/firestoreUserInfoCubit/users_info_reel_time/users_info_reel_time_state.dart":{"language":"Dart","code":25,"comment":0,"blank":9},"file:///d%3A/agiaann/flutter-clean-architecture-instagram-1/lib/presentation/cubit/postInfoCubit/postLikes/post_likes_state.dart":{"language":"Dart","code":13,"comment":0,"blank":7},"file:///d%3A/agiaann/flutter-clean-architecture-instagram-1/lib/presentation/cubit/firestoreUserInfoCubit/users_info_reel_time/users_info_reel_time_event.dart":{"language":"Dart","code":20,"comment":0,"blank":9},"file:///d%3A/agiaann/flutter-clean-architecture-instagram-1/lib/presentation/cubit/postInfoCubit/postLikes/post_likes_cubit.dart":{"language":"Dart","code":36,"comment":0,"blank":7},"file:///d%3A/agiaann/flutter-clean-architecture-instagram-1/lib/presentation/cubit/firestoreUserInfoCubit/users_info_reel_time/users_info_reel_time_bloc.dart":{"language":"Dart","code":68,"comment":0,"blank":11},"file:///d%3A/agiaann/flutter-clean-architecture-instagram-1/lib/presentation/cubit/firestoreUserInfoCubit/searchAboutUser/search_about_user_state.dart":{"language":"Dart","code":14,"comment":0,"blank":7},"file:///d%3A/agiaann/flutter-clean-architecture-instagram-1/lib/presentation/cubit/callingRooms/calling_rooms_cubit.dart":{"language":"Dart","code":88,"comment":0,"blank":10},"file:///d%3A/agiaann/flutter-clean-architecture-instagram-1/lib/presentation/cubit/firestoreUserInfoCubit/message/cubit/message_state.dart":{"language":"Dart","code":43,"comment":0,"blank":19},"file:///d%3A/agiaann/flutter-clean-architecture-instagram-1/lib/presentation/cubit/firestoreUserInfoCubit/message/cubit/message_cubit.dart":{"language":"Dart","code":66,"comment":0,"blank":7},"file:///d%3A/agiaann/flutter-clean-architecture-instagram-1/lib/presentation/cubit/callingRooms/calling_rooms_state.dart":{"language":"Dart","code":26,"comment":0,"blank":10},"file:///d%3A/agiaann/flutter-clean-architecture-instagram-1/lib/presentation/cubit/postInfoCubit/commentsInfo/cubit/comments_info_state.dart":{"language":"Dart","code":16,"comment":0,"blank":8},"file:///d%3A/agiaann/flutter-clean-architecture-instagram-1/lib/presentation/cubit/firestoreUserInfoCubit/message/bloc/message_event.dart":{"language":"Dart","code":30,"comment":0,"blank":11},"file:///d%3A/agiaann/flutter-clean-architecture-instagram-1/lib/presentation/cubit/postInfoCubit/commentsInfo/cubit/comments_info_cubit.dart":{"language":"Dart","code":36,"comment":0,"blank":7},"file:///d%3A/agiaann/flutter-clean-architecture-instagram-1/lib/presentation/cubit/firestoreUserInfoCubit/message/bloc/message_bloc.dart":{"language":"Dart","code":54,"comment":0,"blank":10},"file:///d%3A/agiaann/flutter-clean-architecture-instagram-1/lib/presentation/cubit/callingRooms/bloc/calling_status_bloc.dart":{"language":"Dart","code":36,"comment":0,"blank":7},"file:///d%3A/agiaann/flutter-clean-architecture-instagram-1/lib/presentation/cubit/firestoreUserInfoCubit/message/cubit/group_chat/message_for_group_chat_state.dart":{"language":"Dart","code":22,"comment":0,"blank":11},"file:///d%3A/agiaann/flutter-clean-architecture-instagram-1/lib/presentation/cubit/firestoreUserInfoCubit/message/cubit/group_chat/message_for_group_chat_cubit.dart":{"language":"Dart","code":55,"comment":0,"blank":9},"file:///d%3A/agiaann/flutter-clean-architecture-instagram-1/lib/presentation/cubit/callingRooms/bloc/calling_status_state.dart":{"language":"Dart","code":19,"comment":0,"blank":7},"file:///d%3A/agiaann/flutter-clean-architecture-instagram-1/lib/presentation/cubit/follow/follow_state.dart":{"language":"Dart","code":13,"comment":0,"blank":7},"file:///d%3A/agiaann/flutter-clean-architecture-instagram-1/lib/presentation/cubit/follow/follow_cubit.dart":{"language":"Dart","code":35,"comment":0,"blank":7},"file:///d%3A/agiaann/flutter-clean-architecture-instagram-1/lib/presentation/cubit/callingRooms/bloc/calling_status_event.dart":{"language":"Dart","code":18,"comment":0,"blank":7},"file:///d%3A/agiaann/flutter-clean-architecture-instagram-1/lib/presentation/cubit/postInfoCubit/commentsInfo/cubit/repliesInfo/reply_info_state.dart":{"language":"Dart","code":16,"comment":0,"blank":8},"file:///d%3A/agiaann/flutter-clean-architecture-instagram-1/lib/presentation/cubit/postInfoCubit/commentsInfo/cubit/repliesInfo/reply_info_cubit.dart":{"language":"Dart","code":38,"comment":0,"blank":7},"file:///d%3A/agiaann/flutter-clean-architecture-instagram-1/lib/presentation/cubit/postInfoCubit/commentsInfo/cubit/repliesInfo/replyLikes/reply_likes_cubit.dart":{"language":"Dart","code":36,"comment":0,"blank":8},"file:///d%3A/agiaann/flutter-clean-architecture-instagram-1/lib/presentation/cubit/postInfoCubit/commentsInfo/cubit/repliesInfo/replyLikes/reply_likes_state.dart":{"language":"Dart","code":13,"comment":0,"blank":7},"file:///d%3A/agiaann/flutter-clean-architecture-instagram-1/lib/config/themes/app_theme.dart":{"language":"Dart","code":97,"comment":0,"blank":4},"file:///d%3A/agiaann/flutter-clean-architecture-instagram-1/lib/config/themes/theme_service.dart":{"language":"Dart","code":15,"comment":0,"blank":5},"file:///d%3A/agiaann/flutter-clean-architecture-instagram-1/lib/config/routes/app_routes.dart":{"language":"Dart","code":25,"comment":2,"blank":2},"file:///d%3A/agiaann/flutter-clean-architecture-instagram-1/lib/presentation/cubit/firestoreUserInfoCubit/message/bloc/message_state.dart":{"language":"Dart","code":13,"comment":0,"blank":6},"file:///d%3A/agiaann/flutter-clean-architecture-instagram-1/lib/config/routes/customRoutes/hero_dialog_route.dart":{"language":"Dart","code":35,"comment":0,"blank":11},"file:///d%3A/agiaann/flutter-clean-architecture-instagram-1/lib/presentation/cubit/postInfoCubit/commentsInfo/cubit/comment_likes/comment_likes_cubit.dart":{"language":"Dart","code":41,"comment":0,"blank":8},"file:///d%3A/agiaann/flutter-clean-architecture-instagram-1/lib/presentation/cubit/postInfoCubit/commentsInfo/cubit/comment_likes/comment_likes_state.dart":{"language":"Dart","code":13,"comment":0,"blank":7},"file:///d%3A/agiaann/flutter-clean-architecture-instagram-1/android/app/src/main/res/values-night/styles.xml":{"language":"XML","code":9,"comment":9,"blank":1},"file:///d%3A/agiaann/flutter-clean-architecture-instagram-1/android/app/src/main/res/values/styles.xml":{"language":"XML","code":9,"comment":9,"blank":1}}